ExceptionID,DetectionDate,FinancialYear,DirectorateCode,CostCentreCode,RegionCode,TransactionReference,ExceptionType,ExceptionDescription,AmountAtRisk,RiskRating,ResponsibleRole,CorrectiveAction,TargetResolutionDate,ResolutionDate,Status,DaysOutstanding,RepeatFindingFlag
EXC-000001,2023-09-12,FY2023/2024,DIR-06,CC-006,RG-01,TXN-371335,Unsupported Reallocation,Unsupported Reallocation identified in Information and Communication Technology Directorate - HQ,347000,Low,Cost Centre Manager,Obtain missing documents and repost transaction,2023-12-11,,Open,292,No
EXC-000002,2023-07-07,FY2023/2024,DIR-13,CC-016,RG-03,TXN-746241,Approval-Control Gap,Approval-Control Gap identified in Regional Office - Coast Region,155000,Medium,Cost Centre Manager,Obtain missing documents and repost transaction,2023-09-21,,Escalated,359,Yes
EXC-000003,2023-08-11,FY2023/2024,DIR-12,CC-024,RG-05,TXN-240434,Missing Supporting Documents,Missing Supporting Documents identified in Infrastructure Project Unit 03,222000,High,Procurement Officer,Obtain missing documents and repost transaction,2023-09-17,,Escalated,324,No
EXC-000004,2024-01-17,FY2023/2024,DIR-11,CC-032,RG-01,TXN-856924,Expenditure Above Budget,Expenditure Above Budget identified in Technical Service Unit 04,313000,Medium,Chief Accountant,Obtain missing documents and repost transaction,2024-03-07,,In Progress,165,No
EXC-000005,2023-08-03,FY2023/2024,DIR-13,CC-013,RG-01,TXN-815176,Unsupported Reallocation,Unsupported Reallocation identified in Regional Operations Directorate - HQ,793000,Medium,Cost Centre Manager,Obtain missing documents and repost transaction,2023-10-09,,In Progress,332,No
EXC-000006,2024-05-07,FY2023/2024,DIR-13,CC-017,RG-04,TXN-151764,Procurement Non-Compliance,Procurement Non-Compliance identified in Regional Office - Eastern Region,1394000,High,Procurement Officer,Obtain missing documents and repost transaction,2024-08-01,2024-08-17,Resolved,54,No
EXC-000007,2024-06-20,FY2023/2024,DIR-13,CC-014,RG-01,TXN-832016,Incorrect Vote Code,Incorrect Vote Code identified in Regional Office - Nairobi Region,890000,High,Chief Accountant,Obtain missing documents and repost transaction,2024-08-06,,Open,10,No
EXC-000008,2023-12-29,FY2023/2024,DIR-08,CC-008,RG-01,TXN-980709,Incorrect Vote Code,Incorrect Vote Code identified in Internal Audit and Risk Directorate - HQ,596000,Low,Procurement Officer,Obtain missing documents and repost transaction,2024-03-18,,Escalated,184,No
EXC-000009,2023-09-15,FY2023/2024,DIR-13,CC-016,RG-03,TXN-536666,Long-Outstanding Commitment,Long-Outstanding Commitment identified in Regional Office - Coast Region,1478000,Medium,Chief Accountant,Obtain missing documents and repost transaction,2023-10-20,,Open,289,No
EXC-000010,2024-03-13,FY2023/2024,DIR-06,CC-006,RG-01,TXN-473088,Duplicate Payment Risk,Duplicate Payment Risk identified in Information and Communication Technology Directorate - HQ,1368000,Low,Cost Centre Manager,Obtain missing documents and repost transaction,2024-05-08,,In Progress,109,No
EXC-000011,2024-02-08,FY2023/2024,DIR-03,CC-003,RG-01,TXN-343527,Long-Outstanding Commitment,"Long-Outstanding Commitment identified in Strategy, Planning and Performance Directorate - HQ",1495000,Low,Procurement Officer,Obtain missing documents and repost transaction,2024-04-29,2024-05-21,Resolved,143,No
EXC-000012,2024-03-26,FY2023/2024,DIR-12,CC-024,RG-05,TXN-583694,Procurement Non-Compliance,Procurement Non-Compliance identified in Infrastructure Project Unit 03,205000,Medium,Cost Centre Manager,Obtain missing documents and repost transaction,2024-04-27,,Open,96,No
EXC-000013,2023-09-15,FY2023/2024,DIR-13,CC-018,RG-05,TXN-153039,Unsupported Reallocation,Unsupported Reallocation identified in Regional Office - North Eastern Region,1069000,Low,Cost Centre Manager,Obtain missing documents and repost transaction,2023-11-24,,Escalated,289,No
EXC-000014,2023-07-18,FY2023/2024,DIR-12,CC-022,RG-02,TXN-287368,Incorrect Vote Code,Incorrect Vote Code identified in Infrastructure Project Unit 01,331000,Medium,Procurement Officer,Obtain missing documents and repost transaction,2023-10-04,,Open,348,No
EXC-000015,2023-10-25,FY2023/2024,DIR-02,CC-002,RG-01,TXN-104400,Expenditure Above Budget,Expenditure Above Budget identified in Finance and Accounts Directorate - HQ,58000,Medium,Procurement Officer,Obtain missing documents and repost transaction,2023-11-18,,In Progress,249,Yes
EXC-000016,2023-07-09,FY2023/2024,DIR-12,CC-028,RG-02,TXN-273966,Long-Outstanding Commitment,Long-Outstanding Commitment identified in Infrastructure Project Unit 07,166000,Low,Procurement Officer,Obtain missing documents and repost transaction,2023-08-03,,Open,357,No
EXC-000017,2023-12-03,FY2023/2024,DIR-02,CC-002,RG-01,TXN-551728,Duplicate Payment Risk,Duplicate Payment Risk identified in Finance and Accounts Directorate - HQ,261000,Low,Procurement Officer,Obtain missing documents and repost transaction,2023-12-23,,Open,210,Yes
EXC-000018,2024-02-11,FY2023/2024,DIR-07,CC-007,RG-01,TXN-846452,Expenditure Above Budget,Expenditure Above Budget identified in Legal and Corporation Secretary Directorate - HQ,210000,High,Cost Centre Manager,Obtain missing documents and repost transaction,2024-05-04,2024-04-26,Resolved,140,No
EXC-000019,2023-12-21,FY2023/2024,DIR-12,CC-024,RG-05,TXN-983644,Long-Outstanding Commitment,Long-Outstanding Commitment identified in Infrastructure Project Unit 03,1057000,Medium,Cost Centre Manager,Obtain missing documents and repost transaction,2024-02-23,,In Progress,192,No
EXC-000020,2024-02-09,FY2023/2024,DIR-13,CC-016,RG-03,TXN-886390,Duplicate Payment Risk,Duplicate Payment Risk identified in Regional Office - Coast Region,1280000,High,Procurement Officer,Obtain missing documents and repost transaction,2024-03-13,2024-04-10,Resolved,142,No
EXC-000021,2023-08-23,FY2023/2024,DIR-12,CC-025,RG-04,TXN-977714,Expenditure Above Budget,Expenditure Above Budget identified in Infrastructure Project Unit 04,1396000,Low,Procurement Officer,Obtain missing documents and repost transaction,2023-11-03,,Deferred,312,No
EXC-000022,2023-08-06,FY2023/2024,DIR-11,CC-032,RG-01,TXN-483511,Unreconciled Transaction,Unreconciled Transaction identified in Technical Service Unit 04,1356000,Critical,Procurement Officer,Obtain missing documents and repost transaction,2023-10-05,,In Progress,329,No
EXC-000023,2024-04-06,FY2023/2024,DIR-04,CC-004,RG-01,TXN-105500,Long-Outstanding Commitment,Long-Outstanding Commitment identified in Human Resource and Administration Directorate - HQ,1072000,Critical,Procurement Officer,Obtain missing documents and repost transaction,2024-05-26,2024-06-05,Resolved,85,No
EXC-000024,2024-01-20,FY2023/2024,DIR-12,CC-023,RG-01,TXN-903237,Delayed Banking,Delayed Banking identified in Infrastructure Project Unit 02,1112000,High,Chief Accountant,Obtain missing documents and repost transaction,2024-02-13,2024-02-29,Resolved,162,Yes
EXC-000025,2024-03-21,FY2023/2024,DIR-12,CC-023,RG-01,TXN-224986,Unsupported Reallocation,Unsupported Reallocation identified in Infrastructure Project Unit 02,1108000,Medium,Cost Centre Manager,Obtain missing documents and repost transaction,2024-04-15,,Open,101,No
EXC-000026,2023-10-17,FY2023/2024,DIR-12,CC-012,RG-01,TXN-520234,Incorrect Vote Code,Incorrect Vote Code identified in Projects and Infrastructure Directorate - HQ,183000,Low,Cost Centre Manager,Obtain missing documents and repost transaction,2023-11-25,2023-12-17,Resolved,257,No
EXC-000027,2024-04-15,FY2023/2024,DIR-08,CC-008,RG-01,TXN-919772,Long-Outstanding Commitment,Long-Outstanding Commitment identified in Internal Audit and Risk Directorate - HQ,562000,Medium,Procurement Officer,Obtain missing documents and repost transaction,2024-05-12,,Open,76,No
EXC-000028,2023-07-27,FY2023/2024,DIR-12,CC-027,RG-03,TXN-480124,Incorrect Vote Code,Incorrect Vote Code identified in Infrastructure Project Unit 06,1267000,Medium,Chief Accountant,Obtain missing documents and repost transaction,2023-08-14,,In Progress,339,No
EXC-000029,2024-06-14,FY2023/2024,DIR-11,CC-029,RG-02,TXN-130611,Long-Outstanding Commitment,Long-Outstanding Commitment identified in Technical Service Unit 01,162000,High,Procurement Officer,Obtain missing documents and repost transaction,2024-07-15,,Open,16,Yes
EXC-000030,2024-01-01,FY2023/2024,DIR-07,CC-007,RG-01,TXN-338965,Delayed Banking,Delayed Banking identified in Legal and Corporation Secretary Directorate - HQ,55000,Low,Procurement Officer,Obtain missing documents and repost transaction,2024-02-23,2024-02-24,Resolved,181,No
EXC-000031,2024-03-17,FY2023/2024,DIR-12,CC-012,RG-01,TXN-840510,Expenditure Above Budget,Expenditure Above Budget identified in Projects and Infrastructure Directorate - HQ,78000,Low,Chief Accountant,Obtain missing documents and repost transaction,2024-06-14,2024-07-05,Resolved,105,No
EXC-000032,2024-05-01,FY2023/2024,DIR-13,CC-016,RG-03,TXN-343403,Incorrect Vote Code,Incorrect Vote Code identified in Regional Office - Coast Region,285000,Medium,Chief Accountant,Obtain missing documents and repost transaction,2024-06-08,,Open,60,No
EXC-000033,2024-06-05,FY2023/2024,DIR-13,CC-021,RG-08,TXN-427346,Procurement Non-Compliance,Procurement Non-Compliance identified in Regional Office - Western Region,239000,Medium,Procurement Officer,Obtain missing documents and repost transaction,2024-07-02,,Escalated,25,Yes
EXC-000034,2023-08-29,FY2023/2024,DIR-13,CC-020,RG-07,TXN-415072,Expenditure Above Budget,Expenditure Above Budget identified in Regional Office - Rift Valley Region,948000,Medium,Cost Centre Manager,Obtain missing documents and repost transaction,2023-10-15,,Open,306,No
EXC-000035,2024-05-19,FY2023/2024,DIR-12,CC-027,RG-03,TXN-963707,Unreconciled Transaction,Unreconciled Transaction identified in Infrastructure Project Unit 06,446000,Medium,Chief Accountant,Obtain missing documents and repost transaction,2024-08-13,,Escalated,42,No
EXC-000036,2023-09-29,FY2023/2024,DIR-13,CC-020,RG-07,TXN-280585,Long-Outstanding Commitment,Long-Outstanding Commitment identified in Regional Office - Rift Valley Region,525000,High,Cost Centre Manager,Obtain missing documents and repost transaction,2023-12-27,,Open,275,No
EXC-000037,2024-01-12,FY2023/2024,DIR-13,CC-014,RG-01,TXN-791836,Duplicate Payment Risk,Duplicate Payment Risk identified in Regional Office - Nairobi Region,1493000,Medium,Chief Accountant,Obtain missing documents and repost transaction,2024-03-23,,Deferred,170,No
EXC-000038,2023-10-15,FY2023/2024,DIR-06,CC-006,RG-01,TXN-408543,Unreconciled Transaction,Unreconciled Transaction identified in Information and Communication Technology Directorate - HQ,1053000,Low,Chief Accountant,Obtain missing documents and repost transaction,2023-12-30,2023-12-22,Resolved,259,No
EXC-000039,2024-03-11,FY2023/2024,DIR-10,CC-010,RG-01,TXN-511137,Incorrect Vote Code,"Incorrect Vote Code identified in Research, Monitoring and Evaluation Directorate - HQ",1445000,Medium,Cost Centre Manager,Obtain missing documents and repost transaction,2024-06-04,2024-06-28,Resolved,111,Yes
EXC-000040,2024-05-21,FY2023/2024,DIR-08,CC-008,RG-01,TXN-836090,Long-Outstanding Commitment,Long-Outstanding Commitment identified in Internal Audit and Risk Directorate - HQ,1201000,Low,Procurement Officer,Obtain missing documents and repost transaction,2024-07-08,,Open,40,No
EXC-000041,2024-05-30,FY2023/2024,DIR-11,CC-011,RG-01,TXN-241788,Procurement Non-Compliance,Procurement Non-Compliance identified in Technical Operations Directorate - HQ,461000,Critical,Chief Accountant,Obtain missing documents and repost transaction,2024-06-27,,Open,31,Yes
EXC-000042,2023-07-29,FY2023/2024,DIR-11,CC-011,RG-01,TXN-542539,Approval-Control Gap,Approval-Control Gap identified in Technical Operations Directorate - HQ,669000,High,Chief Accountant,Obtain missing documents and repost transaction,2023-09-10,,Open,337,No
EXC-000043,2024-05-15,FY2023/2024,DIR-05,CC-005,RG-01,TXN-753425,Approval-Control Gap,Approval-Control Gap identified in Procurement and Supply Chain Directorate - HQ,1495000,Low,Procurement Officer,Obtain missing documents and repost transaction,2024-06-23,,In Progress,46,No
EXC-000044,2024-04-01,FY2023/2024,DIR-04,CC-004,RG-01,TXN-377851,Unsupported Reallocation,Unsupported Reallocation identified in Human Resource and Administration Directorate - HQ,218000,Low,Cost Centre Manager,Obtain missing documents and repost transaction,2024-04-28,,In Progress,90,No
EXC-000045,2024-05-14,FY2023/2024,DIR-02,CC-002,RG-01,TXN-267735,Missing Supporting Documents,Missing Supporting Documents identified in Finance and Accounts Directorate - HQ,112000,Medium,Cost Centre Manager,Obtain missing documents and repost transaction,2024-07-16,,Open,47,No
EXC-000046,2024-01-17,FY2023/2024,DIR-13,CC-017,RG-04,TXN-713755,Duplicate Payment Risk,Duplicate Payment Risk identified in Regional Office - Eastern Region,1412000,Critical,Chief Accountant,Obtain missing documents and repost transaction,2024-03-15,,In Progress,165,No
EXC-000047,2023-12-24,FY2023/2024,DIR-10,CC-010,RG-01,TXN-296551,Long-Outstanding Commitment,"Long-Outstanding Commitment identified in Research, Monitoring and Evaluation Directorate - HQ",1295000,High,Procurement Officer,Obtain missing documents and repost transaction,2024-03-02,,Open,189,No
EXC-000048,2023-09-10,FY2023/2024,DIR-12,CC-026,RG-04,TXN-555572,Unsupported Reallocation,Unsupported Reallocation identified in Infrastructure Project Unit 05,1265000,High,Cost Centre Manager,Obtain missing documents and repost transaction,2023-10-29,,In Progress,294,No
EXC-000049,2024-05-26,FY2023/2024,DIR-12,CC-024,RG-05,TXN-346003,Incorrect Vote Code,Incorrect Vote Code identified in Infrastructure Project Unit 03,726000,Medium,Chief Accountant,Obtain missing documents and repost transaction,2024-07-27,,In Progress,35,No
EXC-000050,2023-10-21,FY2023/2024,DIR-13,CC-018,RG-05,TXN-872344,Duplicate Payment Risk,Duplicate Payment Risk identified in Regional Office - North Eastern Region,1263000,Critical,Chief Accountant,Obtain missing documents and repost transaction,2023-11-30,,In Progress,253,No
EXC-000051,2024-02-21,FY2023/2024,DIR-12,CC-012,RG-01,TXN-852428,Delayed Banking,Delayed Banking identified in Projects and Infrastructure Directorate - HQ,691000,Medium,Procurement Officer,Obtain missing documents and repost transaction,2024-05-08,2024-06-03,Resolved,130,No
EXC-000052,2023-11-08,FY2023/2024,DIR-04,CC-004,RG-01,TXN-613735,Duplicate Payment Risk,Duplicate Payment Risk identified in Human Resource and Administration Directorate - HQ,1108000,High,Chief Accountant,Obtain missing documents and repost transaction,2023-12-22,,Open,235,No
EXC-000053,2023-09-24,FY2023/2024,DIR-13,CC-014,RG-01,TXN-990564,Approval-Control Gap,Approval-Control Gap identified in Regional Office - Nairobi Region,1129000,Medium,Procurement Officer,Obtain missing documents and repost transaction,2023-10-14,,Open,280,No
EXC-000054,2024-01-20,FY2023/2024,DIR-11,CC-029,RG-02,TXN-141575,Procurement Non-Compliance,Procurement Non-Compliance identified in Technical Service Unit 01,402000,Low,Chief Accountant,Obtain missing documents and repost transaction,2024-04-18,2024-04-10,Resolved,162,No
EXC-000055,2023-10-09,FY2023/2024,DIR-02,CC-002,RG-01,TXN-592837,Expenditure Above Budget,Expenditure Above Budget identified in Finance and Accounts Directorate - HQ,612000,High,Cost Centre Manager,Obtain missing documents and repost transaction,2023-11-18,2023-11-16,Resolved,265,No
EXC-000056,2023-07-23,FY2023/2024,DIR-04,CC-004,RG-01,TXN-353048,Duplicate Payment Risk,Duplicate Payment Risk identified in Human Resource and Administration Directorate - HQ,61000,High,Chief Accountant,Obtain missing documents and repost transaction,2023-08-27,,Escalated,343,No
EXC-000057,2024-03-05,FY2023/2024,DIR-01,CC-001,RG-01,TXN-316511,Incorrect Vote Code,Incorrect Vote Code identified in Office of the Chief Executive Officer - HQ,779000,Medium,Chief Accountant,Obtain missing documents and repost transaction,2024-03-29,2024-04-16,Resolved,117,No
EXC-000058,2023-12-14,FY2023/2024,DIR-06,CC-006,RG-01,TXN-506763,Approval-Control Gap,Approval-Control Gap identified in Information and Communication Technology Directorate - HQ,1148000,Low,Procurement Officer,Obtain missing documents and repost transaction,2023-12-29,,Open,199,No
EXC-000059,2024-03-20,FY2023/2024,DIR-13,CC-019,RG-06,TXN-922327,Unsupported Reallocation,Unsupported Reallocation identified in Regional Office - Nyanza Region,1226000,Medium,Procurement Officer,Obtain missing documents and repost transaction,2024-05-10,2024-05-07,Resolved,102,No
EXC-000060,2023-11-13,FY2023/2024,DIR-12,CC-025,RG-04,TXN-647103,Delayed Banking,Delayed Banking identified in Infrastructure Project Unit 04,448000,Medium,Cost Centre Manager,Obtain missing documents and repost transaction,2024-02-02,,Deferred,230,No
EXC-000061,2023-07-23,FY2023/2024,DIR-03,CC-003,RG-01,TXN-640979,Missing Supporting Documents,"Missing Supporting Documents identified in Strategy, Planning and Performance Directorate - HQ",193000,Low,Cost Centre Manager,Obtain missing documents and repost transaction,2023-09-05,,Open,343,No
EXC-000062,2023-09-21,FY2023/2024,DIR-11,CC-029,RG-02,TXN-903254,Unsupported Reallocation,Unsupported Reallocation identified in Technical Service Unit 01,1150000,Medium,Procurement Officer,Obtain missing documents and repost transaction,2023-12-14,,Open,283,No
EXC-000063,2023-08-20,FY2023/2024,DIR-09,CC-009,RG-01,TXN-959617,Delayed Banking,Delayed Banking identified in Corporate Communications and Customer Experience Directorate - HQ,306000,High,Chief Accountant,Obtain missing documents and repost transaction,2023-09-05,,In Progress,315,No
EXC-000064,2024-01-04,FY2023/2024,DIR-11,CC-032,RG-01,TXN-461675,Procurement Non-Compliance,Procurement Non-Compliance identified in Technical Service Unit 04,664000,Medium,Procurement Officer,Obtain missing documents and repost transaction,2024-02-24,,Open,178,No
EXC-000065,2024-02-04,FY2023/2024,DIR-11,CC-030,RG-07,TXN-984645,Duplicate Payment Risk,Duplicate Payment Risk identified in Technical Service Unit 02,1174000,Medium,Chief Accountant,Obtain missing documents and repost transaction,2024-02-23,2024-03-19,Resolved,147,No
EXC-000066,2023-12-02,FY2023/2024,DIR-13,CC-016,RG-03,TXN-573464,Incorrect Vote Code,Incorrect Vote Code identified in Regional Office - Coast Region,1274000,Critical,Cost Centre Manager,Obtain missing documents and repost transaction,2023-12-17,,Open,211,No
EXC-000067,2023-09-07,FY2023/2024,DIR-12,CC-025,RG-04,TXN-457340,Unreconciled Transaction,Unreconciled Transaction identified in Infrastructure Project Unit 04,979000,Low,Procurement Officer,Obtain missing documents and repost transaction,2023-10-24,,Escalated,297,No
EXC-000068,2024-04-08,FY2023/2024,DIR-13,CC-020,RG-07,TXN-282611,Unsupported Reallocation,Unsupported Reallocation identified in Regional Office - Rift Valley Region,1243000,Low,Procurement Officer,Obtain missing documents and repost transaction,2024-05-24,,Open,83,No
EXC-000069,2023-11-25,FY2023/2024,DIR-11,CC-011,RG-01,TXN-262319,Duplicate Payment Risk,Duplicate Payment Risk identified in Technical Operations Directorate - HQ,382000,High,Chief Accountant,Obtain missing documents and repost transaction,2024-01-01,2023-12-31,Resolved,218,No
EXC-000070,2023-10-21,FY2023/2024,DIR-13,CC-013,RG-01,TXN-531738,Unsupported Reallocation,Unsupported Reallocation identified in Regional Operations Directorate - HQ,1098000,Medium,Procurement Officer,Obtain missing documents and repost transaction,2023-11-28,2023-12-28,Resolved,253,Yes
EXC-000071,2023-07-20,FY2023/2024,DIR-01,CC-001,RG-01,TXN-441923,Long-Outstanding Commitment,Long-Outstanding Commitment identified in Office of the Chief Executive Officer - HQ,270000,Low,Cost Centre Manager,Obtain missing documents and repost transaction,2023-09-18,,Open,346,No
EXC-000072,2023-08-03,FY2023/2024,DIR-12,CC-026,RG-04,TXN-807711,Expenditure Above Budget,Expenditure Above Budget identified in Infrastructure Project Unit 05,331000,Low,Chief Accountant,Obtain missing documents and repost transaction,2023-09-09,,In Progress,332,No
EXC-000073,2024-03-13,FY2023/2024,DIR-10,CC-010,RG-01,TXN-443183,Unreconciled Transaction,"Unreconciled Transaction identified in Research, Monitoring and Evaluation Directorate - HQ",1330000,Low,Cost Centre Manager,Obtain missing documents and repost transaction,2024-06-04,,Open,109,No
EXC-000074,2024-01-16,FY2023/2024,DIR-12,CC-023,RG-01,TXN-558149,Incorrect Vote Code,Incorrect Vote Code identified in Infrastructure Project Unit 02,612000,Low,Chief Accountant,Obtain missing documents and repost transaction,2024-04-15,,In Progress,166,No
EXC-000075,2024-04-22,FY2023/2024,DIR-12,CC-023,RG-01,TXN-519674,Duplicate Payment Risk,Duplicate Payment Risk identified in Infrastructure Project Unit 02,183000,Critical,Chief Accountant,Obtain missing documents and repost transaction,2024-06-11,,Open,69,No
EXC-000076,2024-02-26,FY2023/2024,DIR-09,CC-009,RG-01,TXN-220947,Expenditure Above Budget,Expenditure Above Budget identified in Corporate Communications and Customer Experience Directorate - HQ,363000,High,Procurement Officer,Obtain missing documents and repost transaction,2024-04-27,,Open,125,Yes
EXC-000077,2024-02-19,FY2023/2024,DIR-05,CC-005,RG-01,TXN-649311,Unreconciled Transaction,Unreconciled Transaction identified in Procurement and Supply Chain Directorate - HQ,1158000,Low,Cost Centre Manager,Obtain missing documents and repost transaction,2024-04-30,2024-05-06,Resolved,132,No
EXC-000078,2023-10-30,FY2023/2024,DIR-11,CC-030,RG-07,TXN-202001,Unsupported Reallocation,Unsupported Reallocation identified in Technical Service Unit 02,1324000,Medium,Procurement Officer,Obtain missing documents and repost transaction,2023-11-15,,In Progress,244,No
EXC-000079,2024-06-14,FY2023/2024,DIR-01,CC-001,RG-01,TXN-702095,Duplicate Payment Risk,Duplicate Payment Risk identified in Office of the Chief Executive Officer - HQ,186000,Medium,Chief Accountant,Obtain missing documents and repost transaction,2024-07-09,,Open,16,Yes
EXC-000080,2024-01-14,FY2023/2024,DIR-03,CC-003,RG-01,TXN-169502,Incorrect Vote Code,"Incorrect Vote Code identified in Strategy, Planning and Performance Directorate - HQ",895000,Low,Chief Accountant,Obtain missing documents and repost transaction,2024-04-01,2024-04-11,Resolved,168,No
EXC-000081,2024-05-25,FY2023/2024,DIR-12,CC-028,RG-02,TXN-753044,Delayed Banking,Delayed Banking identified in Infrastructure Project Unit 07,1227000,Critical,Chief Accountant,Obtain missing documents and repost transaction,2024-06-11,,In Progress,36,No
EXC-000082,2023-08-10,FY2023/2024,DIR-12,CC-028,RG-02,TXN-165287,Expenditure Above Budget,Expenditure Above Budget identified in Infrastructure Project Unit 07,1270000,Medium,Procurement Officer,Obtain missing documents and repost transaction,2023-09-30,,Open,325,No
EXC-000083,2024-05-09,FY2023/2024,DIR-08,CC-008,RG-01,TXN-535939,Expenditure Above Budget,Expenditure Above Budget identified in Internal Audit and Risk Directorate - HQ,792000,Medium,Cost Centre Manager,Obtain missing documents and repost transaction,2024-06-29,2024-07-01,Resolved,52,No
EXC-000084,2023-10-08,FY2023/2024,DIR-11,CC-029,RG-02,TXN-522776,Procurement Non-Compliance,Procurement Non-Compliance identified in Technical Service Unit 01,377000,Medium,Chief Accountant,Obtain missing documents and repost transaction,2023-11-18,2023-12-06,Resolved,266,No
EXC-000085,2023-11-06,FY2023/2024,DIR-08,CC-008,RG-01,TXN-841651,Missing Supporting Documents,Missing Supporting Documents identified in Internal Audit and Risk Directorate - HQ,303000,Critical,Chief Accountant,Obtain missing documents and repost transaction,2024-01-25,2024-02-09,Resolved,237,No
EXC-000086,2023-12-03,FY2023/2024,DIR-09,CC-009,RG-01,TXN-494062,Duplicate Payment Risk,Duplicate Payment Risk identified in Corporate Communications and Customer Experience Directorate - HQ,826000,Medium,Cost Centre Manager,Obtain missing documents and repost transaction,2024-02-15,2024-02-28,Resolved,210,No
EXC-000087,2023-10-22,FY2023/2024,DIR-12,CC-024,RG-05,TXN-436844,Duplicate Payment Risk,Duplicate Payment Risk identified in Infrastructure Project Unit 03,1355000,Medium,Procurement Officer,Obtain missing documents and repost transaction,2023-11-08,2023-11-27,Resolved,252,No
EXC-000088,2023-08-12,FY2023/2024,DIR-01,CC-001,RG-01,TXN-658110,Unsupported Reallocation,Unsupported Reallocation identified in Office of the Chief Executive Officer - HQ,103000,Medium,Cost Centre Manager,Obtain missing documents and repost transaction,2023-10-18,,In Progress,323,No
EXC-000089,2023-10-06,FY2023/2024,DIR-12,CC-025,RG-04,TXN-865366,Procurement Non-Compliance,Procurement Non-Compliance identified in Infrastructure Project Unit 04,550000,High,Cost Centre Manager,Obtain missing documents and repost transaction,2023-12-07,2024-01-03,Resolved,268,No
EXC-000090,2023-11-05,FY2023/2024,DIR-13,CC-014,RG-01,TXN-855153,Incorrect Vote Code,Incorrect Vote Code identified in Regional Office - Nairobi Region,1181000,High,Cost Centre Manager,Obtain missing documents and repost transaction,2023-11-28,,In Progress,238,No
EXC-000091,2025-04-09,FY2024/2025,DIR-13,CC-018,RG-05,TXN-822661,Approval-Control Gap,Approval-Control Gap identified in Regional Office - North Eastern Region,811000,High,Procurement Officer,Obtain missing documents and repost transaction,2025-06-11,,Open,82,No
EXC-000092,2024-07-29,FY2024/2025,DIR-13,CC-016,RG-03,TXN-647163,Expenditure Above Budget,Expenditure Above Budget identified in Regional Office - Coast Region,829000,High,Chief Accountant,Obtain missing documents and repost transaction,2024-10-23,2024-10-18,Resolved,336,No
EXC-000093,2025-03-22,FY2024/2025,DIR-12,CC-012,RG-01,TXN-485717,Procurement Non-Compliance,Procurement Non-Compliance identified in Projects and Infrastructure Directorate - HQ,808000,Medium,Procurement Officer,Obtain missing documents and repost transaction,2025-05-23,,In Progress,100,Yes
EXC-000094,2025-01-08,FY2024/2025,DIR-13,CC-018,RG-05,TXN-656403,Missing Supporting Documents,Missing Supporting Documents identified in Regional Office - North Eastern Region,509000,Medium,Chief Accountant,Obtain missing documents and repost transaction,2025-03-16,,Open,173,No
EXC-000095,2024-07-23,FY2024/2025,DIR-13,CC-014,RG-01,TXN-967400,Incorrect Vote Code,Incorrect Vote Code identified in Regional Office - Nairobi Region,254000,High,Cost Centre Manager,Obtain missing documents and repost transaction,2024-09-28,2024-09-30,Resolved,342,No
EXC-000096,2025-04-22,FY2024/2025,DIR-12,CC-024,RG-05,TXN-841756,Delayed Banking,Delayed Banking identified in Infrastructure Project Unit 03,1255000,High,Procurement Officer,Obtain missing documents and repost transaction,2025-06-21,,Open,69,No
EXC-000097,2025-01-11,FY2024/2025,DIR-08,CC-008,RG-01,TXN-716060,Duplicate Payment Risk,Duplicate Payment Risk identified in Internal Audit and Risk Directorate - HQ,980000,High,Cost Centre Manager,Obtain missing documents and repost transaction,2025-03-22,,Open,170,Yes
EXC-000098,2025-04-16,FY2024/2025,DIR-12,CC-026,RG-04,TXN-161345,Incorrect Vote Code,Incorrect Vote Code identified in Infrastructure Project Unit 05,412000,Low,Cost Centre Manager,Obtain missing documents and repost transaction,2025-06-01,,Escalated,75,Yes
EXC-000099,2025-02-20,FY2024/2025,DIR-13,CC-014,RG-01,TXN-925110,Expenditure Above Budget,Expenditure Above Budget identified in Regional Office - Nairobi Region,631000,Low,Chief Accountant,Obtain missing documents and repost transaction,2025-03-29,2025-03-19,Resolved,130,No
EXC-000100,2024-10-25,FY2024/2025,DIR-11,CC-011,RG-01,TXN-416948,Delayed Banking,Delayed Banking identified in Technical Operations Directorate - HQ,434000,High,Chief Accountant,Obtain missing documents and repost transaction,2024-12-31,,Open,248,No
EXC-000101,2025-02-10,FY2024/2025,DIR-13,CC-020,RG-07,TXN-550838,Unsupported Reallocation,Unsupported Reallocation identified in Regional Office - Rift Valley Region,901000,Critical,Procurement Officer,Obtain missing documents and repost transaction,2025-03-26,,In Progress,140,No
EXC-000102,2024-07-08,FY2024/2025,DIR-11,CC-011,RG-01,TXN-631047,Delayed Banking,Delayed Banking identified in Technical Operations Directorate - HQ,1182000,Medium,Cost Centre Manager,Obtain missing documents and repost transaction,2024-08-22,,Open,357,No
EXC-000103,2024-08-03,FY2024/2025,DIR-11,CC-032,RG-01,TXN-375665,Expenditure Above Budget,Expenditure Above Budget identified in Technical Service Unit 04,839000,Low,Procurement Officer,Obtain missing documents and repost transaction,2024-09-25,2024-10-08,Resolved,331,No
EXC-000104,2024-07-17,FY2024/2025,DIR-11,CC-030,RG-07,TXN-553306,Procurement Non-Compliance,Procurement Non-Compliance identified in Technical Service Unit 02,1075000,Medium,Cost Centre Manager,Obtain missing documents and repost transaction,2024-10-12,,Escalated,348,No
EXC-000105,2025-01-27,FY2024/2025,DIR-13,CC-019,RG-06,TXN-475150,Missing Supporting Documents,Missing Supporting Documents identified in Regional Office - Nyanza Region,854000,Medium,Chief Accountant,Obtain missing documents and repost transaction,2025-04-15,,In Progress,154,Yes
EXC-000106,2024-08-28,FY2024/2025,DIR-13,CC-019,RG-06,TXN-808980,Expenditure Above Budget,Expenditure Above Budget identified in Regional Office - Nyanza Region,548000,Medium,Procurement Officer,Obtain missing documents and repost transaction,2024-11-18,2024-11-15,Resolved,306,No
EXC-000107,2024-08-07,FY2024/2025,DIR-12,CC-024,RG-05,TXN-793896,Long-Outstanding Commitment,Long-Outstanding Commitment identified in Infrastructure Project Unit 03,1419000,Medium,Cost Centre Manager,Obtain missing documents and repost transaction,2024-10-26,2024-11-21,Resolved,327,No
EXC-000108,2025-02-28,FY2024/2025,DIR-12,CC-012,RG-01,TXN-201058,Unreconciled Transaction,Unreconciled Transaction identified in Projects and Infrastructure Directorate - HQ,1256000,Medium,Procurement Officer,Obtain missing documents and repost transaction,2025-03-22,,In Progress,122,No
EXC-000109,2025-01-25,FY2024/2025,DIR-07,CC-007,RG-01,TXN-545728,Unreconciled Transaction,Unreconciled Transaction identified in Legal and Corporation Secretary Directorate - HQ,99000,Medium,Chief Accountant,Obtain missing documents and repost transaction,2025-03-12,,Open,156,No
EXC-000110,2024-07-24,FY2024/2025,DIR-13,CC-015,RG-02,TXN-614073,Expenditure Above Budget,Expenditure Above Budget identified in Regional Office - Central Region,1045000,Medium,Chief Accountant,Obtain missing documents and repost transaction,2024-09-22,,In Progress,341,No
EXC-000111,2024-11-12,FY2024/2025,DIR-12,CC-028,RG-02,TXN-642772,Unreconciled Transaction,Unreconciled Transaction identified in Infrastructure Project Unit 07,1162000,Medium,Chief Accountant,Obtain missing documents and repost transaction,2025-01-22,,Open,230,Yes
EXC-000112,2025-03-03,FY2024/2025,DIR-12,CC-027,RG-03,TXN-575934,Incorrect Vote Code,Incorrect Vote Code identified in Infrastructure Project Unit 06,1032000,Low,Procurement Officer,Obtain missing documents and repost transaction,2025-04-01,,In Progress,119,No
EXC-000113,2024-08-29,FY2024/2025,DIR-13,CC-016,RG-03,TXN-501868,Expenditure Above Budget,Expenditure Above Budget identified in Regional Office - Coast Region,206000,Medium,Procurement Officer,Obtain missing documents and repost transaction,2024-09-19,2024-10-04,Resolved,305,No
EXC-000114,2024-07-23,FY2024/2025,DIR-13,CC-015,RG-02,TXN-233071,Delayed Banking,Delayed Banking identified in Regional Office - Central Region,514000,Medium,Procurement Officer,Obtain missing documents and repost transaction,2024-09-27,2024-10-04,Resolved,342,Yes
EXC-000115,2024-07-10,FY2024/2025,DIR-06,CC-006,RG-01,TXN-401151,Procurement Non-Compliance,Procurement Non-Compliance identified in Information and Communication Technology Directorate - HQ,609000,Critical,Procurement Officer,Obtain missing documents and repost transaction,2024-09-13,,Open,355,No
EXC-000116,2024-12-17,FY2024/2025,DIR-12,CC-028,RG-02,TXN-320653,Unreconciled Transaction,Unreconciled Transaction identified in Infrastructure Project Unit 07,892000,Medium,Cost Centre Manager,Obtain missing documents and repost transaction,2025-02-08,,Open,195,Yes
EXC-000117,2024-12-24,FY2024/2025,DIR-11,CC-031,RG-01,TXN-887094,Procurement Non-Compliance,Procurement Non-Compliance identified in Technical Service Unit 03,318000,High,Chief Accountant,Obtain missing documents and repost transaction,2025-01-10,,Open,188,No
EXC-000118,2025-04-26,FY2024/2025,DIR-05,CC-005,RG-01,TXN-881602,Unreconciled Transaction,Unreconciled Transaction identified in Procurement and Supply Chain Directorate - HQ,1369000,Low,Cost Centre Manager,Obtain missing documents and repost transaction,2025-06-21,2025-07-17,Resolved,65,No
EXC-000119,2024-10-02,FY2024/2025,DIR-13,CC-020,RG-07,TXN-865762,Long-Outstanding Commitment,Long-Outstanding Commitment identified in Regional Office - Rift Valley Region,915000,Medium,Procurement Officer,Obtain missing documents and repost transaction,2024-10-31,,Open,271,No
EXC-000120,2024-07-20,FY2024/2025,DIR-03,CC-003,RG-01,TXN-703547,Approval-Control Gap,"Approval-Control Gap identified in Strategy, Planning and Performance Directorate - HQ",84000,Medium,Chief Accountant,Obtain missing documents and repost transaction,2024-10-13,,In Progress,345,No
EXC-000121,2024-11-28,FY2024/2025,DIR-12,CC-022,RG-02,TXN-553670,Incorrect Vote Code,Incorrect Vote Code identified in Infrastructure Project Unit 01,94000,Medium,Cost Centre Manager,Obtain missing documents and repost transaction,2024-12-22,,Deferred,214,No
EXC-000122,2025-02-24,FY2024/2025,DIR-12,CC-025,RG-04,TXN-452319,Procurement Non-Compliance,Procurement Non-Compliance identified in Infrastructure Project Unit 04,307000,Medium,Procurement Officer,Obtain missing documents and repost transaction,2025-05-09,,Open,126,No
EXC-000123,2025-01-27,FY2024/2025,DIR-13,CC-014,RG-01,TXN-247336,Procurement Non-Compliance,Procurement Non-Compliance identified in Regional Office - Nairobi Region,84000,Medium,Procurement Officer,Obtain missing documents and repost transaction,2025-03-18,2025-04-16,Resolved,154,No
EXC-000124,2025-02-22,FY2024/2025,DIR-10,CC-010,RG-01,TXN-343294,Duplicate Payment Risk,"Duplicate Payment Risk identified in Research, Monitoring and Evaluation Directorate - HQ",407000,Medium,Chief Accountant,Obtain missing documents and repost transaction,2025-03-11,,Open,128,Yes
EXC-000125,2024-08-16,FY2024/2025,DIR-06,CC-006,RG-01,TXN-742895,Unsupported Reallocation,Unsupported Reallocation identified in Information and Communication Technology Directorate - HQ,1231000,Medium,Chief Accountant,Obtain missing documents and repost transaction,2024-09-14,,Open,318,No
EXC-000126,2025-05-04,FY2024/2025,DIR-01,CC-001,RG-01,TXN-186910,Approval-Control Gap,Approval-Control Gap identified in Office of the Chief Executive Officer - HQ,818000,Low,Cost Centre Manager,Obtain missing documents and repost transaction,2025-06-23,,In Progress,57,No
EXC-000127,2025-02-19,FY2024/2025,DIR-04,CC-004,RG-01,TXN-477240,Expenditure Above Budget,Expenditure Above Budget identified in Human Resource and Administration Directorate - HQ,572000,Low,Procurement Officer,Obtain missing documents and repost transaction,2025-04-16,,Deferred,131,No
EXC-000128,2025-02-09,FY2024/2025,DIR-01,CC-001,RG-01,TXN-566410,Incorrect Vote Code,Incorrect Vote Code identified in Office of the Chief Executive Officer - HQ,1093000,High,Chief Accountant,Obtain missing documents and repost transaction,2025-04-19,,Deferred,141,No
EXC-000129,2024-08-23,FY2024/2025,DIR-13,CC-017,RG-04,TXN-847801,Missing Supporting Documents,Missing Supporting Documents identified in Regional Office - Eastern Region,988000,Medium,Chief Accountant,Obtain missing documents and repost transaction,2024-10-30,,In Progress,311,No
EXC-000130,2024-08-18,FY2024/2025,DIR-13,CC-021,RG-08,TXN-592747,Missing Supporting Documents,Missing Supporting Documents identified in Regional Office - Western Region,1116000,Low,Procurement Officer,Obtain missing documents and repost transaction,2024-11-07,,Escalated,316,No
EXC-000131,2024-07-31,FY2024/2025,DIR-12,CC-024,RG-05,TXN-941024,Expenditure Above Budget,Expenditure Above Budget identified in Infrastructure Project Unit 03,559000,High,Chief Accountant,Obtain missing documents and repost transaction,2024-10-17,,Open,334,No
EXC-000132,2024-07-06,FY2024/2025,DIR-13,CC-013,RG-01,TXN-705547,Incorrect Vote Code,Incorrect Vote Code identified in Regional Operations Directorate - HQ,1465000,Medium,Procurement Officer,Obtain missing documents and repost transaction,2024-08-29,,In Progress,359,No
EXC-000133,2025-01-15,FY2024/2025,DIR-13,CC-017,RG-04,TXN-571767,Delayed Banking,Delayed Banking identified in Regional Office - Eastern Region,860000,High,Chief Accountant,Obtain missing documents and repost transaction,2025-03-29,2025-04-17,Resolved,166,No
EXC-000134,2024-10-08,FY2024/2025,DIR-02,CC-002,RG-01,TXN-591749,Approval-Control Gap,Approval-Control Gap identified in Finance and Accounts Directorate - HQ,1454000,Medium,Procurement Officer,Obtain missing documents and repost transaction,2024-11-01,,Deferred,265,No
EXC-000135,2025-05-08,FY2024/2025,DIR-12,CC-023,RG-01,TXN-930382,Unreconciled Transaction,Unreconciled Transaction identified in Infrastructure Project Unit 02,651000,High,Cost Centre Manager,Obtain missing documents and repost transaction,2025-07-30,,In Progress,53,No
EXC-000136,2024-10-24,FY2024/2025,DIR-12,CC-023,RG-01,TXN-479347,Unsupported Reallocation,Unsupported Reallocation identified in Infrastructure Project Unit 02,133000,High,Chief Accountant,Obtain missing documents and repost transaction,2024-12-31,2025-01-29,Resolved,249,No
EXC-000137,2024-09-24,FY2024/2025,DIR-12,CC-025,RG-04,TXN-704631,Procurement Non-Compliance,Procurement Non-Compliance identified in Infrastructure Project Unit 04,1308000,Low,Procurement Officer,Obtain missing documents and repost transaction,2024-11-10,,Open,279,Yes
EXC-000138,2024-11-12,FY2024/2025,DIR-13,CC-014,RG-01,TXN-105247,Long-Outstanding Commitment,Long-Outstanding Commitment identified in Regional Office - Nairobi Region,847000,Low,Cost Centre Manager,Obtain missing documents and repost transaction,2025-01-03,,In Progress,230,No
EXC-000139,2025-04-04,FY2024/2025,DIR-12,CC-012,RG-01,TXN-494807,Procurement Non-Compliance,Procurement Non-Compliance identified in Projects and Infrastructure Directorate - HQ,1181000,High,Cost Centre Manager,Obtain missing documents and repost transaction,2025-06-22,,In Progress,87,No
EXC-000140,2025-02-18,FY2024/2025,DIR-13,CC-021,RG-08,TXN-794743,Unreconciled Transaction,Unreconciled Transaction identified in Regional Office - Western Region,770000,Medium,Chief Accountant,Obtain missing documents and repost transaction,2025-04-12,,Escalated,132,No
EXC-000141,2024-11-26,FY2024/2025,DIR-11,CC-032,RG-01,TXN-179412,Incorrect Vote Code,Incorrect Vote Code identified in Technical Service Unit 04,1498000,Low,Chief Accountant,Obtain missing documents and repost transaction,2025-01-24,,Open,216,No
EXC-000142,2025-02-02,FY2024/2025,DIR-13,CC-019,RG-06,TXN-832211,Incorrect Vote Code,Incorrect Vote Code identified in Regional Office - Nyanza Region,721000,Low,Chief Accountant,Obtain missing documents and repost transaction,2025-04-03,,In Progress,148,No
EXC-000143,2025-05-20,FY2024/2025,DIR-09,CC-009,RG-01,TXN-836604,Delayed Banking,Delayed Banking identified in Corporate Communications and Customer Experience Directorate - HQ,859000,High,Procurement Officer,Obtain missing documents and repost transaction,2025-07-10,,In Progress,41,No
EXC-000144,2024-10-24,FY2024/2025,DIR-02,CC-002,RG-01,TXN-527472,Unsupported Reallocation,Unsupported Reallocation identified in Finance and Accounts Directorate - HQ,629000,High,Cost Centre Manager,Obtain missing documents and repost transaction,2024-11-21,,Open,249,No
EXC-000145,2025-03-14,FY2024/2025,DIR-04,CC-004,RG-01,TXN-972236,Unsupported Reallocation,Unsupported Reallocation identified in Human Resource and Administration Directorate - HQ,857000,Low,Procurement Officer,Obtain missing documents and repost transaction,2025-03-28,2025-03-30,Resolved,108,Yes
EXC-000146,2024-12-23,FY2024/2025,DIR-08,CC-008,RG-01,TXN-242831,Long-Outstanding Commitment,Long-Outstanding Commitment identified in Internal Audit and Risk Directorate - HQ,1056000,Medium,Chief Accountant,Obtain missing documents and repost transaction,2025-03-07,,Open,189,No
EXC-000147,2024-12-15,FY2024/2025,DIR-01,CC-001,RG-01,TXN-653036,Unreconciled Transaction,Unreconciled Transaction identified in Office of the Chief Executive Officer - HQ,1026000,Medium,Chief Accountant,Obtain missing documents and repost transaction,2025-02-10,2025-02-04,Resolved,197,No
EXC-000148,2025-05-09,FY2024/2025,DIR-09,CC-009,RG-01,TXN-149563,Unreconciled Transaction,Unreconciled Transaction identified in Corporate Communications and Customer Experience Directorate - HQ,771000,Medium,Procurement Officer,Obtain missing documents and repost transaction,2025-06-18,,Deferred,52,No
EXC-000149,2025-03-20,FY2024/2025,DIR-12,CC-027,RG-03,TXN-637141,Unreconciled Transaction,Unreconciled Transaction identified in Infrastructure Project Unit 06,1235000,Medium,Chief Accountant,Obtain missing documents and repost transaction,2025-04-04,,Escalated,102,No
EXC-000150,2024-08-09,FY2024/2025,DIR-04,CC-004,RG-01,TXN-440149,Approval-Control Gap,Approval-Control Gap identified in Human Resource and Administration Directorate - HQ,1411000,High,Cost Centre Manager,Obtain missing documents and repost transaction,2024-09-15,2024-10-08,Resolved,325,Yes
EXC-000151,2024-12-05,FY2024/2025,DIR-11,CC-011,RG-01,TXN-990707,Delayed Banking,Delayed Banking identified in Technical Operations Directorate - HQ,1491000,Medium,Cost Centre Manager,Obtain missing documents and repost transaction,2025-02-14,,Open,207,No
EXC-000152,2024-10-16,FY2024/2025,DIR-11,CC-029,RG-02,TXN-378550,Expenditure Above Budget,Expenditure Above Budget identified in Technical Service Unit 01,263000,Low,Cost Centre Manager,Obtain missing documents and repost transaction,2025-01-14,,Open,257,No
EXC-000153,2024-08-15,FY2024/2025,DIR-10,CC-010,RG-01,TXN-573341,Duplicate Payment Risk,"Duplicate Payment Risk identified in Research, Monitoring and Evaluation Directorate - HQ",1488000,Low,Chief Accountant,Obtain missing documents and repost transaction,2024-10-23,,Open,319,No
EXC-000154,2025-03-02,FY2024/2025,DIR-07,CC-007,RG-01,TXN-262742,Procurement Non-Compliance,Procurement Non-Compliance identified in Legal and Corporation Secretary Directorate - HQ,972000,Medium,Chief Accountant,Obtain missing documents and repost transaction,2025-04-15,,Open,120,No
EXC-000155,2024-12-05,FY2024/2025,DIR-13,CC-014,RG-01,TXN-235223,Incorrect Vote Code,Incorrect Vote Code identified in Regional Office - Nairobi Region,323000,Low,Chief Accountant,Obtain missing documents and repost transaction,2025-01-28,2025-02-04,Resolved,207,No
EXC-000156,2025-03-17,FY2024/2025,DIR-12,CC-028,RG-02,TXN-165959,Unsupported Reallocation,Unsupported Reallocation identified in Infrastructure Project Unit 07,590000,Low,Procurement Officer,Obtain missing documents and repost transaction,2025-05-17,,Open,105,Yes
EXC-000157,2024-08-21,FY2024/2025,DIR-12,CC-026,RG-04,TXN-901829,Expenditure Above Budget,Expenditure Above Budget identified in Infrastructure Project Unit 05,959000,Low,Cost Centre Manager,Obtain missing documents and repost transaction,2024-10-11,,Escalated,313,No
EXC-000158,2024-09-16,FY2024/2025,DIR-03,CC-003,RG-01,TXN-601851,Approval-Control Gap,"Approval-Control Gap identified in Strategy, Planning and Performance Directorate - HQ",700000,High,Cost Centre Manager,Obtain missing documents and repost transaction,2024-11-20,,Open,287,No
EXC-000159,2024-10-07,FY2024/2025,DIR-12,CC-012,RG-01,TXN-721742,Unreconciled Transaction,Unreconciled Transaction identified in Projects and Infrastructure Directorate - HQ,658000,Low,Chief Accountant,Obtain missing documents and repost transaction,2024-11-21,2024-11-15,Resolved,266,No
EXC-000160,2025-03-16,FY2024/2025,DIR-13,CC-016,RG-03,TXN-259689,Unreconciled Transaction,Unreconciled Transaction identified in Regional Office - Coast Region,338000,High,Chief Accountant,Obtain missing documents and repost transaction,2025-03-31,,Open,106,No
EXC-000161,2024-10-23,FY2024/2025,DIR-13,CC-018,RG-05,TXN-517427,Incorrect Vote Code,Incorrect Vote Code identified in Regional Office - North Eastern Region,1216000,Medium,Cost Centre Manager,Obtain missing documents and repost transaction,2024-11-07,,In Progress,250,No
EXC-000162,2025-01-09,FY2024/2025,DIR-12,CC-024,RG-05,TXN-537805,Procurement Non-Compliance,Procurement Non-Compliance identified in Infrastructure Project Unit 03,409000,Medium,Procurement Officer,Obtain missing documents and repost transaction,2025-02-06,2025-02-15,Resolved,172,No
EXC-000163,2024-09-20,FY2024/2025,DIR-12,CC-027,RG-03,TXN-899642,Approval-Control Gap,Approval-Control Gap identified in Infrastructure Project Unit 06,1018000,Critical,Procurement Officer,Obtain missing documents and repost transaction,2024-12-03,,Open,283,No
EXC-000164,2025-04-12,FY2024/2025,DIR-13,CC-017,RG-04,TXN-366778,Expenditure Above Budget,Expenditure Above Budget identified in Regional Office - Eastern Region,864000,Critical,Cost Centre Manager,Obtain missing documents and repost transaction,2025-07-11,,Escalated,79,No
EXC-000165,2024-09-01,FY2024/2025,DIR-03,CC-003,RG-01,TXN-113812,Delayed Banking,"Delayed Banking identified in Strategy, Planning and Performance Directorate - HQ",961000,Low,Procurement Officer,Obtain missing documents and repost transaction,2024-09-22,2024-10-19,Resolved,302,No
EXC-000166,2025-04-13,FY2024/2025,DIR-10,CC-010,RG-01,TXN-267422,Expenditure Above Budget,"Expenditure Above Budget identified in Research, Monitoring and Evaluation Directorate - HQ",85000,High,Procurement Officer,Obtain missing documents and repost transaction,2025-06-04,2025-05-26,Resolved,78,No
EXC-000167,2024-08-15,FY2024/2025,DIR-09,CC-009,RG-01,TXN-977624,Approval-Control Gap,Approval-Control Gap identified in Corporate Communications and Customer Experience Directorate - HQ,217000,High,Procurement Officer,Obtain missing documents and repost transaction,2024-09-01,,In Progress,319,No
EXC-000168,2025-01-02,FY2024/2025,DIR-13,CC-014,RG-01,TXN-335267,Unsupported Reallocation,Unsupported Reallocation identified in Regional Office - Nairobi Region,71000,High,Procurement Officer,Obtain missing documents and repost transaction,2025-02-08,2025-02-05,Resolved,179,No
EXC-000169,2024-11-19,FY2024/2025,DIR-13,CC-015,RG-02,TXN-357789,Approval-Control Gap,Approval-Control Gap identified in Regional Office - Central Region,866000,Low,Procurement Officer,Obtain missing documents and repost transaction,2024-12-03,2024-11-28,Resolved,223,Yes
EXC-000170,2025-05-30,FY2024/2025,DIR-05,CC-005,RG-01,TXN-948342,Approval-Control Gap,Approval-Control Gap identified in Procurement and Supply Chain Directorate - HQ,1356000,Critical,Chief Accountant,Obtain missing documents and repost transaction,2025-08-17,,Open,31,No
EXC-000171,2025-03-08,FY2024/2025,DIR-02,CC-002,RG-01,TXN-218997,Long-Outstanding Commitment,Long-Outstanding Commitment identified in Finance and Accounts Directorate - HQ,1023000,Critical,Procurement Officer,Obtain missing documents and repost transaction,2025-05-04,,In Progress,114,No
EXC-000172,2024-12-24,FY2024/2025,DIR-06,CC-006,RG-01,TXN-359562,Procurement Non-Compliance,Procurement Non-Compliance identified in Information and Communication Technology Directorate - HQ,1403000,High,Cost Centre Manager,Obtain missing documents and repost transaction,2025-03-23,,Escalated,188,No
EXC-000173,2024-12-17,FY2024/2025,DIR-09,CC-009,RG-01,TXN-393174,Expenditure Above Budget,Expenditure Above Budget identified in Corporate Communications and Customer Experience Directorate - HQ,1134000,Medium,Procurement Officer,Obtain missing documents and repost transaction,2025-02-13,,Deferred,195,No
EXC-000174,2025-01-26,FY2024/2025,DIR-12,CC-025,RG-04,TXN-394509,Long-Outstanding Commitment,Long-Outstanding Commitment identified in Infrastructure Project Unit 04,211000,Medium,Procurement Officer,Obtain missing documents and repost transaction,2025-03-08,2025-04-05,Resolved,155,No
EXC-000175,2025-03-13,FY2024/2025,DIR-12,CC-025,RG-04,TXN-183032,Missing Supporting Documents,Missing Supporting Documents identified in Infrastructure Project Unit 04,1043000,High,Procurement Officer,Obtain missing documents and repost transaction,2025-03-30,2025-04-08,Resolved,109,No
EXC-000176,2025-03-23,FY2024/2025,DIR-11,CC-031,RG-01,TXN-909918,Duplicate Payment Risk,Duplicate Payment Risk identified in Technical Service Unit 03,1178000,Medium,Cost Centre Manager,Obtain missing documents and repost transaction,2025-04-28,,Open,99,No
EXC-000177,2025-06-18,FY2024/2025,DIR-13,CC-015,RG-02,TXN-672524,Delayed Banking,Delayed Banking identified in Regional Office - Central Region,1366000,High,Cost Centre Manager,Obtain missing documents and repost transaction,2025-09-06,,In Progress,12,No
EXC-000178,2024-07-11,FY2024/2025,DIR-13,CC-020,RG-07,TXN-558190,Missing Supporting Documents,Missing Supporting Documents identified in Regional Office - Rift Valley Region,1158000,Medium,Chief Accountant,Obtain missing documents and repost transaction,2024-08-07,,Open,354,Yes
EXC-000179,2024-08-24,FY2024/2025,DIR-04,CC-004,RG-01,TXN-939100,Procurement Non-Compliance,Procurement Non-Compliance identified in Human Resource and Administration Directorate - HQ,469000,High,Chief Accountant,Obtain missing documents and repost transaction,2024-09-12,,Open,310,No
EXC-000180,2025-03-22,FY2024/2025,DIR-02,CC-002,RG-01,TXN-960110,Unreconciled Transaction,Unreconciled Transaction identified in Finance and Accounts Directorate - HQ,910000,Low,Cost Centre Manager,Obtain missing documents and repost transaction,2025-04-24,2025-04-22,Resolved,100,No
EXC-000181,2025-08-25,FY2025/2026,DIR-06,CC-006,RG-01,TXN-944711,Procurement Non-Compliance,Procurement Non-Compliance identified in Information and Communication Technology Directorate - HQ,921000,High,Procurement Officer,Obtain missing documents and repost transaction,2025-11-17,,Deferred,279,No
EXC-000182,2025-11-12,FY2025/2026,DIR-05,CC-005,RG-01,TXN-389391,Duplicate Payment Risk,Duplicate Payment Risk identified in Procurement and Supply Chain Directorate - HQ,1444000,Low,Cost Centre Manager,Obtain missing documents and repost transaction,2026-01-21,2026-01-13,Resolved,200,Yes
EXC-000183,2026-03-17,FY2025/2026,DIR-13,CC-014,RG-01,TXN-369015,Procurement Non-Compliance,Procurement Non-Compliance identified in Regional Office - Nairobi Region,1393000,High,Procurement Officer,Obtain missing documents and repost transaction,2026-05-04,,Escalated,75,No
EXC-000184,2026-02-09,FY2025/2026,DIR-12,CC-027,RG-03,TXN-430041,Long-Outstanding Commitment,Long-Outstanding Commitment identified in Infrastructure Project Unit 06,1173000,Medium,Chief Accountant,Obtain missing documents and repost transaction,2026-03-31,2026-04-13,Resolved,111,No
EXC-000185,2025-10-16,FY2025/2026,DIR-11,CC-030,RG-07,TXN-486022,Procurement Non-Compliance,Procurement Non-Compliance identified in Technical Service Unit 02,662000,High,Procurement Officer,Obtain missing documents and repost transaction,2026-01-10,,In Progress,227,No
EXC-000186,2025-07-20,FY2025/2026,DIR-12,CC-023,RG-01,TXN-764440,Duplicate Payment Risk,Duplicate Payment Risk identified in Infrastructure Project Unit 02,1202000,Low,Procurement Officer,Obtain missing documents and repost transaction,2025-08-04,,Open,315,No
EXC-000187,2025-11-05,FY2025/2026,DIR-02,CC-002,RG-01,TXN-342926,Long-Outstanding Commitment,Long-Outstanding Commitment identified in Finance and Accounts Directorate - HQ,854000,Low,Chief Accountant,Obtain missing documents and repost transaction,2025-12-26,,Open,207,No
EXC-000188,2026-01-12,FY2025/2026,DIR-11,CC-030,RG-07,TXN-765949,Procurement Non-Compliance,Procurement Non-Compliance identified in Technical Service Unit 02,64000,High,Cost Centre Manager,Obtain missing documents and repost transaction,2026-02-17,,In Progress,139,No
EXC-000189,2025-10-28,FY2025/2026,DIR-13,CC-019,RG-06,TXN-334565,Unsupported Reallocation,Unsupported Reallocation identified in Regional Office - Nyanza Region,1399000,Low,Cost Centre Manager,Obtain missing documents and repost transaction,2026-01-05,,In Progress,215,No
EXC-000190,2025-11-07,FY2025/2026,DIR-13,CC-013,RG-01,TXN-278956,Expenditure Above Budget,Expenditure Above Budget identified in Regional Operations Directorate - HQ,1262000,High,Procurement Officer,Obtain missing documents and repost transaction,2025-12-26,,Deferred,205,No
EXC-000191,2026-05-08,FY2025/2026,DIR-12,CC-026,RG-04,TXN-349517,Unreconciled Transaction,Unreconciled Transaction identified in Infrastructure Project Unit 05,1092000,Medium,Cost Centre Manager,Obtain missing documents and repost transaction,2026-06-22,,In Progress,23,No
EXC-000192,2026-01-14,FY2025/2026,DIR-12,CC-023,RG-01,TXN-643127,Procurement Non-Compliance,Procurement Non-Compliance identified in Infrastructure Project Unit 02,1043000,Low,Procurement Officer,Obtain missing documents and repost transaction,2026-02-09,,In Progress,137,No
EXC-000193,2025-12-22,FY2025/2026,DIR-12,CC-027,RG-03,TXN-250702,Expenditure Above Budget,Expenditure Above Budget identified in Infrastructure Project Unit 06,1161000,High,Cost Centre Manager,Obtain missing documents and repost transaction,2026-01-21,,In Progress,160,No
EXC-000194,2026-02-01,FY2025/2026,DIR-12,CC-022,RG-02,TXN-311541,Procurement Non-Compliance,Procurement Non-Compliance identified in Infrastructure Project Unit 01,67000,High,Cost Centre Manager,Obtain missing documents and repost transaction,2026-04-23,,Open,119,No
EXC-000195,2026-02-03,FY2025/2026,DIR-13,CC-017,RG-04,TXN-184086,Incorrect Vote Code,Incorrect Vote Code identified in Regional Office - Eastern Region,1076000,Medium,Chief Accountant,Obtain missing documents and repost transaction,2026-03-22,2026-04-21,Resolved,117,No
EXC-000196,2025-12-08,FY2025/2026,DIR-11,CC-011,RG-01,TXN-114033,Approval-Control Gap,Approval-Control Gap identified in Technical Operations Directorate - HQ,1156000,Low,Cost Centre Manager,Obtain missing documents and repost transaction,2026-01-11,2026-01-19,Resolved,174,Yes
EXC-000197,2025-09-18,FY2025/2026,DIR-13,CC-013,RG-01,TXN-424189,Unsupported Reallocation,Unsupported Reallocation identified in Regional Operations Directorate - HQ,163000,Medium,Cost Centre Manager,Obtain missing documents and repost transaction,2025-11-15,2025-12-04,Resolved,255,No
EXC-000198,2025-07-27,FY2025/2026,DIR-01,CC-001,RG-01,TXN-127025,Expenditure Above Budget,Expenditure Above Budget identified in Office of the Chief Executive Officer - HQ,1462000,Medium,Procurement Officer,Obtain missing documents and repost transaction,2025-09-26,2025-10-25,Resolved,308,No
EXC-000199,2026-04-22,FY2025/2026,DIR-13,CC-020,RG-07,TXN-687894,Unsupported Reallocation,Unsupported Reallocation identified in Regional Office - Rift Valley Region,740000,High,Procurement Officer,Obtain missing documents and repost transaction,2026-05-24,2026-05-14,Resolved,39,No
EXC-000200,2026-04-20,FY2025/2026,DIR-11,CC-032,RG-01,TXN-854044,Procurement Non-Compliance,Procurement Non-Compliance identified in Technical Service Unit 04,495000,High,Procurement Officer,Obtain missing documents and repost transaction,2026-07-11,,In Progress,41,No
EXC-000201,2026-04-08,FY2025/2026,DIR-06,CC-006,RG-01,TXN-149792,Incorrect Vote Code,Incorrect Vote Code identified in Information and Communication Technology Directorate - HQ,1191000,Critical,Procurement Officer,Obtain missing documents and repost transaction,2026-05-15,2026-05-30,Resolved,53,No
EXC-000202,2025-07-04,FY2025/2026,DIR-13,CC-014,RG-01,TXN-232301,Approval-Control Gap,Approval-Control Gap identified in Regional Office - Nairobi Region,1436000,Medium,Cost Centre Manager,Obtain missing documents and repost transaction,2025-10-02,2025-10-08,Resolved,331,Yes
EXC-000203,2025-07-24,FY2025/2026,DIR-13,CC-018,RG-05,TXN-718311,Unreconciled Transaction,Unreconciled Transaction identified in Regional Office - North Eastern Region,79000,Medium,Procurement Officer,Obtain missing documents and repost transaction,2025-08-26,,In Progress,311,Yes
EXC-000204,2025-09-20,FY2025/2026,DIR-12,CC-023,RG-01,TXN-265510,Unsupported Reallocation,Unsupported Reallocation identified in Infrastructure Project Unit 02,789000,Medium,Chief Accountant,Obtain missing documents and repost transaction,2025-10-10,,In Progress,253,No
EXC-000205,2025-11-16,FY2025/2026,DIR-13,CC-015,RG-02,TXN-427558,Expenditure Above Budget,Expenditure Above Budget identified in Regional Office - Central Region,1178000,Medium,Cost Centre Manager,Obtain missing documents and repost transaction,2026-02-10,,In Progress,196,No
EXC-000206,2025-12-13,FY2025/2026,DIR-09,CC-009,RG-01,TXN-712823,Long-Outstanding Commitment,Long-Outstanding Commitment identified in Corporate Communications and Customer Experience Directorate - HQ,1258000,High,Procurement Officer,Obtain missing documents and repost transaction,2026-02-08,,In Progress,169,No
EXC-000207,2025-11-17,FY2025/2026,DIR-06,CC-006,RG-01,TXN-506095,Delayed Banking,Delayed Banking identified in Information and Communication Technology Directorate - HQ,81000,Low,Chief Accountant,Obtain missing documents and repost transaction,2026-01-18,,In Progress,195,No
EXC-000208,2025-08-13,FY2025/2026,DIR-13,CC-018,RG-05,TXN-614080,Missing Supporting Documents,Missing Supporting Documents identified in Regional Office - North Eastern Region,54000,High,Cost Centre Manager,Obtain missing documents and repost transaction,2025-10-09,2025-10-20,Resolved,291,Yes
EXC-000209,2025-09-07,FY2025/2026,DIR-12,CC-022,RG-02,TXN-614302,Unsupported Reallocation,Unsupported Reallocation identified in Infrastructure Project Unit 01,471000,Medium,Chief Accountant,Obtain missing documents and repost transaction,2025-11-21,,In Progress,266,No
EXC-000210,2025-09-17,FY2025/2026,DIR-13,CC-017,RG-04,TXN-791710,Unsupported Reallocation,Unsupported Reallocation identified in Regional Office - Eastern Region,1261000,High,Cost Centre Manager,Obtain missing documents and repost transaction,2025-10-05,,In Progress,256,No
EXC-000211,2025-10-27,FY2025/2026,DIR-13,CC-014,RG-01,TXN-943035,Unreconciled Transaction,Unreconciled Transaction identified in Regional Office - Nairobi Region,1417000,Medium,Procurement Officer,Obtain missing documents and repost transaction,2026-01-14,,Escalated,216,No
EXC-000212,2026-01-05,FY2025/2026,DIR-04,CC-004,RG-01,TXN-196466,Procurement Non-Compliance,Procurement Non-Compliance identified in Human Resource and Administration Directorate - HQ,993000,Critical,Cost Centre Manager,Obtain missing documents and repost transaction,2026-02-20,,Open,146,No
EXC-000213,2025-09-12,FY2025/2026,DIR-08,CC-008,RG-01,TXN-796189,Unsupported Reallocation,Unsupported Reallocation identified in Internal Audit and Risk Directorate - HQ,726000,Medium,Cost Centre Manager,Obtain missing documents and repost transaction,2025-11-04,,Open,261,No
EXC-000214,2026-03-02,FY2025/2026,DIR-12,CC-027,RG-03,TXN-757771,Expenditure Above Budget,Expenditure Above Budget identified in Infrastructure Project Unit 06,1442000,High,Chief Accountant,Obtain missing documents and repost transaction,2026-03-31,,In Progress,90,No
EXC-000215,2026-04-19,FY2025/2026,DIR-11,CC-011,RG-01,TXN-739648,Missing Supporting Documents,Missing Supporting Documents identified in Technical Operations Directorate - HQ,1114000,Medium,Chief Accountant,Obtain missing documents and repost transaction,2026-05-14,,Open,42,No
EXC-000216,2026-03-18,FY2025/2026,DIR-12,CC-026,RG-04,TXN-800855,Expenditure Above Budget,Expenditure Above Budget identified in Infrastructure Project Unit 05,704000,Low,Chief Accountant,Obtain missing documents and repost transaction,2026-06-08,,In Progress,74,Yes
EXC-000217,2025-10-11,FY2025/2026,DIR-13,CC-015,RG-02,TXN-781151,Procurement Non-Compliance,Procurement Non-Compliance identified in Regional Office - Central Region,1157000,Medium,Cost Centre Manager,Obtain missing documents and repost transaction,2025-11-19,,In Progress,232,Yes
EXC-000218,2026-01-27,FY2025/2026,DIR-13,CC-013,RG-01,TXN-687801,Unsupported Reallocation,Unsupported Reallocation identified in Regional Operations Directorate - HQ,209000,Low,Chief Accountant,Obtain missing documents and repost transaction,2026-02-26,,Open,124,No
EXC-000219,2026-02-18,FY2025/2026,DIR-13,CC-017,RG-04,TXN-127781,Approval-Control Gap,Approval-Control Gap identified in Regional Office - Eastern Region,480000,Medium,Chief Accountant,Obtain missing documents and repost transaction,2026-03-29,,Escalated,102,No
EXC-000220,2025-07-29,FY2025/2026,DIR-13,CC-019,RG-06,TXN-859695,Approval-Control Gap,Approval-Control Gap identified in Regional Office - Nyanza Region,551000,Medium,Chief Accountant,Obtain missing documents and repost transaction,2025-09-04,2025-09-02,Resolved,306,Yes
EXC-000221,2025-08-31,FY2025/2026,DIR-11,CC-011,RG-01,TXN-444385,Incorrect Vote Code,Incorrect Vote Code identified in Technical Operations Directorate - HQ,933000,Low,Cost Centre Manager,Obtain missing documents and repost transaction,2025-10-19,2025-10-15,Resolved,273,Yes
EXC-000222,2025-07-24,FY2025/2026,DIR-12,CC-027,RG-03,TXN-244858,Expenditure Above Budget,Expenditure Above Budget identified in Infrastructure Project Unit 06,113000,Medium,Procurement Officer,Obtain missing documents and repost transaction,2025-10-08,,Open,311,No
EXC-000223,2026-05-19,FY2025/2026,DIR-11,CC-030,RG-07,TXN-861691,Approval-Control Gap,Approval-Control Gap identified in Technical Service Unit 02,1074000,High,Cost Centre Manager,Obtain missing documents and repost transaction,2026-08-09,,Deferred,12,No
EXC-000224,2025-09-10,FY2025/2026,DIR-12,CC-026,RG-04,TXN-471245,Approval-Control Gap,Approval-Control Gap identified in Infrastructure Project Unit 05,1394000,High,Cost Centre Manager,Obtain missing documents and repost transaction,2025-11-17,,Open,263,No
EXC-000225,2025-09-01,FY2025/2026,DIR-11,CC-030,RG-07,TXN-382132,Delayed Banking,Delayed Banking identified in Technical Service Unit 02,446000,Low,Procurement Officer,Obtain missing documents and repost transaction,2025-09-22,,Open,272,No
EXC-000226,2025-10-16,FY2025/2026,DIR-02,CC-002,RG-01,TXN-180604,Unsupported Reallocation,Unsupported Reallocation identified in Finance and Accounts Directorate - HQ,194000,High,Chief Accountant,Obtain missing documents and repost transaction,2025-12-14,2026-01-12,Resolved,227,No
EXC-000227,2025-10-10,FY2025/2026,DIR-13,CC-017,RG-04,TXN-532218,Missing Supporting Documents,Missing Supporting Documents identified in Regional Office - Eastern Region,649000,Low,Cost Centre Manager,Obtain missing documents and repost transaction,2025-11-22,,In Progress,233,No
EXC-000228,2025-12-29,FY2025/2026,DIR-13,CC-021,RG-08,TXN-317391,Incorrect Vote Code,Incorrect Vote Code identified in Regional Office - Western Region,779000,Medium,Procurement Officer,Obtain missing documents and repost transaction,2026-02-27,,Open,153,No
EXC-000229,2026-02-05,FY2025/2026,DIR-03,CC-003,RG-01,TXN-982588,Approval-Control Gap,"Approval-Control Gap identified in Strategy, Planning and Performance Directorate - HQ",884000,Low,Procurement Officer,Obtain missing documents and repost transaction,2026-04-02,,Open,115,No
EXC-000230,2026-01-17,FY2025/2026,DIR-12,CC-025,RG-04,TXN-209934,Unsupported Reallocation,Unsupported Reallocation identified in Infrastructure Project Unit 04,1362000,Critical,Procurement Officer,Obtain missing documents and repost transaction,2026-04-07,2026-04-02,Resolved,134,Yes
EXC-000231,2025-07-11,FY2025/2026,DIR-11,CC-032,RG-01,TXN-615479,Missing Supporting Documents,Missing Supporting Documents identified in Technical Service Unit 04,1436000,Medium,Procurement Officer,Obtain missing documents and repost transaction,2025-08-11,,Deferred,324,No
EXC-000232,2025-07-15,FY2025/2026,DIR-12,CC-024,RG-05,TXN-104278,Expenditure Above Budget,Expenditure Above Budget identified in Infrastructure Project Unit 03,1303000,Low,Chief Accountant,Obtain missing documents and repost transaction,2025-08-28,,Escalated,320,No
EXC-000233,2025-08-29,FY2025/2026,DIR-11,CC-029,RG-02,TXN-923324,Long-Outstanding Commitment,Long-Outstanding Commitment identified in Technical Service Unit 01,1175000,Low,Cost Centre Manager,Obtain missing documents and repost transaction,2025-10-29,2025-11-10,Resolved,275,No
EXC-000234,2025-08-19,FY2025/2026,DIR-13,CC-021,RG-08,TXN-565908,Incorrect Vote Code,Incorrect Vote Code identified in Regional Office - Western Region,263000,High,Procurement Officer,Obtain missing documents and repost transaction,2025-11-05,2025-11-30,Resolved,285,No
EXC-000235,2025-09-16,FY2025/2026,DIR-09,CC-009,RG-01,TXN-975040,Duplicate Payment Risk,Duplicate Payment Risk identified in Corporate Communications and Customer Experience Directorate - HQ,525000,Medium,Chief Accountant,Obtain missing documents and repost transaction,2025-10-05,,In Progress,257,No
EXC-000236,2025-12-29,FY2025/2026,DIR-03,CC-003,RG-01,TXN-624692,Long-Outstanding Commitment,"Long-Outstanding Commitment identified in Strategy, Planning and Performance Directorate - HQ",727000,Medium,Cost Centre Manager,Obtain missing documents and repost transaction,2026-01-12,2026-01-09,Resolved,153,No
EXC-000237,2026-01-02,FY2025/2026,DIR-03,CC-003,RG-01,TXN-761946,Unsupported Reallocation,"Unsupported Reallocation identified in Strategy, Planning and Performance Directorate - HQ",946000,Low,Procurement Officer,Obtain missing documents and repost transaction,2026-03-20,,Open,149,No
EXC-000238,2025-10-23,FY2025/2026,DIR-13,CC-021,RG-08,TXN-910021,Missing Supporting Documents,Missing Supporting Documents identified in Regional Office - Western Region,155000,Medium,Chief Accountant,Obtain missing documents and repost transaction,2025-12-07,,Deferred,220,No
EXC-000239,2025-09-16,FY2025/2026,DIR-13,CC-017,RG-04,TXN-974993,Incorrect Vote Code,Incorrect Vote Code identified in Regional Office - Eastern Region,797000,Low,Chief Accountant,Obtain missing documents and repost transaction,2025-10-19,2025-10-20,Resolved,257,No
EXC-000240,2026-03-17,FY2025/2026,DIR-11,CC-029,RG-02,TXN-228507,Incorrect Vote Code,Incorrect Vote Code identified in Technical Service Unit 01,1081000,Medium,Chief Accountant,Obtain missing documents and repost transaction,2026-04-06,,Open,75,No
EXC-000241,2026-03-13,FY2025/2026,DIR-10,CC-010,RG-01,TXN-555647,Unsupported Reallocation,"Unsupported Reallocation identified in Research, Monitoring and Evaluation Directorate - HQ",1460000,Low,Procurement Officer,Obtain missing documents and repost transaction,2026-05-31,2026-06-12,Resolved,79,No
EXC-000242,2025-11-10,FY2025/2026,DIR-11,CC-032,RG-01,TXN-820592,Incorrect Vote Code,Incorrect Vote Code identified in Technical Service Unit 04,1414000,Low,Procurement Officer,Obtain missing documents and repost transaction,2026-01-29,,In Progress,202,Yes
EXC-000243,2026-05-11,FY2025/2026,DIR-11,CC-029,RG-02,TXN-953862,Expenditure Above Budget,Expenditure Above Budget identified in Technical Service Unit 01,1217000,Low,Cost Centre Manager,Obtain missing documents and repost transaction,2026-05-27,2026-06-07,Resolved,20,No
EXC-000244,2025-11-27,FY2025/2026,DIR-13,CC-016,RG-03,TXN-676094,Duplicate Payment Risk,Duplicate Payment Risk identified in Regional Office - Coast Region,466000,High,Procurement Officer,Obtain missing documents and repost transaction,2025-12-19,,In Progress,185,No
EXC-000245,2026-02-21,FY2025/2026,DIR-11,CC-030,RG-07,TXN-107603,Delayed Banking,Delayed Banking identified in Technical Service Unit 02,728000,Low,Cost Centre Manager,Obtain missing documents and repost transaction,2026-04-21,,Open,99,No
EXC-000246,2025-11-03,FY2025/2026,DIR-13,CC-013,RG-01,TXN-216189,Duplicate Payment Risk,Duplicate Payment Risk identified in Regional Operations Directorate - HQ,1119000,High,Chief Accountant,Obtain missing documents and repost transaction,2026-01-15,,Deferred,209,No
EXC-000247,2025-07-06,FY2025/2026,DIR-13,CC-021,RG-08,TXN-215772,Delayed Banking,Delayed Banking identified in Regional Office - Western Region,660000,Medium,Procurement Officer,Obtain missing documents and repost transaction,2025-08-14,,In Progress,329,No
EXC-000248,2026-01-22,FY2025/2026,DIR-11,CC-011,RG-01,TXN-432630,Procurement Non-Compliance,Procurement Non-Compliance identified in Technical Operations Directorate - HQ,1206000,Medium,Chief Accountant,Obtain missing documents and repost transaction,2026-02-22,,In Progress,129,No
EXC-000249,2026-02-14,FY2025/2026,DIR-04,CC-004,RG-01,TXN-438834,Incorrect Vote Code,Incorrect Vote Code identified in Human Resource and Administration Directorate - HQ,638000,Medium,Chief Accountant,Obtain missing documents and repost transaction,2026-03-26,,In Progress,106,No
EXC-000250,2026-05-04,FY2025/2026,DIR-06,CC-006,RG-01,TXN-300181,Long-Outstanding Commitment,Long-Outstanding Commitment identified in Information and Communication Technology Directorate - HQ,1496000,Medium,Procurement Officer,Obtain missing documents and repost transaction,2026-06-05,,In Progress,27,Yes
EXC-000251,2025-12-03,FY2025/2026,DIR-11,CC-011,RG-01,TXN-906773,Duplicate Payment Risk,Duplicate Payment Risk identified in Technical Operations Directorate - HQ,1135000,Medium,Chief Accountant,Obtain missing documents and repost transaction,2026-02-10,,Open,179,No
EXC-000252,2025-09-29,FY2025/2026,DIR-12,CC-028,RG-02,TXN-528313,Delayed Banking,Delayed Banking identified in Infrastructure Project Unit 07,1150000,High,Procurement Officer,Obtain missing documents and repost transaction,2025-12-03,,Open,244,No
EXC-000253,2025-12-23,FY2025/2026,DIR-07,CC-007,RG-01,TXN-744489,Missing Supporting Documents,Missing Supporting Documents identified in Legal and Corporation Secretary Directorate - HQ,470000,High,Chief Accountant,Obtain missing documents and repost transaction,2026-01-10,2026-01-05,Resolved,159,Yes
EXC-000254,2026-03-06,FY2025/2026,DIR-11,CC-030,RG-07,TXN-585237,Approval-Control Gap,Approval-Control Gap identified in Technical Service Unit 02,464000,High,Procurement Officer,Obtain missing documents and repost transaction,2026-04-04,2026-04-30,Resolved,86,No
EXC-000255,2026-04-11,FY2025/2026,DIR-12,CC-027,RG-03,TXN-780111,Procurement Non-Compliance,Procurement Non-Compliance identified in Infrastructure Project Unit 06,1170000,Low,Cost Centre Manager,Obtain missing documents and repost transaction,2026-06-08,2026-06-16,Resolved,50,No
EXC-000256,2026-01-23,FY2025/2026,DIR-06,CC-006,RG-01,TXN-960931,Missing Supporting Documents,Missing Supporting Documents identified in Information and Communication Technology Directorate - HQ,1406000,Medium,Cost Centre Manager,Obtain missing documents and repost transaction,2026-03-27,,In Progress,128,No
EXC-000257,2026-03-30,FY2025/2026,DIR-12,CC-027,RG-03,TXN-306744,Long-Outstanding Commitment,Long-Outstanding Commitment identified in Infrastructure Project Unit 06,1386000,Medium,Chief Accountant,Obtain missing documents and repost transaction,2026-04-18,2026-04-29,Resolved,62,No
EXC-000258,2025-11-09,FY2025/2026,DIR-13,CC-018,RG-05,TXN-234289,Incorrect Vote Code,Incorrect Vote Code identified in Regional Office - North Eastern Region,1496000,Medium,Cost Centre Manager,Obtain missing documents and repost transaction,2025-11-23,,Open,203,Yes
EXC-000259,2025-12-13,FY2025/2026,DIR-13,CC-020,RG-07,TXN-697517,Missing Supporting Documents,Missing Supporting Documents identified in Regional Office - Rift Valley Region,655000,Critical,Procurement Officer,Obtain missing documents and repost transaction,2026-01-07,,Open,169,No
EXC-000260,2026-05-06,FY2025/2026,DIR-11,CC-032,RG-01,TXN-270159,Incorrect Vote Code,Incorrect Vote Code identified in Technical Service Unit 04,581000,Medium,Cost Centre Manager,Obtain missing documents and repost transaction,2026-06-08,,In Progress,25,No
EXC-000261,2026-03-23,FY2025/2026,DIR-13,CC-017,RG-04,TXN-260300,Delayed Banking,Delayed Banking identified in Regional Office - Eastern Region,1248000,High,Chief Accountant,Obtain missing documents and repost transaction,2026-05-31,,In Progress,69,Yes
EXC-000262,2025-08-16,FY2025/2026,DIR-10,CC-010,RG-01,TXN-533662,Incorrect Vote Code,"Incorrect Vote Code identified in Research, Monitoring and Evaluation Directorate - HQ",1258000,Medium,Cost Centre Manager,Obtain missing documents and repost transaction,2025-10-22,,In Progress,288,No
EXC-000263,2026-01-24,FY2025/2026,DIR-11,CC-029,RG-02,TXN-302559,Procurement Non-Compliance,Procurement Non-Compliance identified in Technical Service Unit 01,1136000,Critical,Procurement Officer,Obtain missing documents and repost transaction,2026-03-28,,Open,127,No
EXC-000264,2026-03-31,FY2025/2026,DIR-12,CC-024,RG-05,TXN-754145,Procurement Non-Compliance,Procurement Non-Compliance identified in Infrastructure Project Unit 03,1136000,Low,Cost Centre Manager,Obtain missing documents and repost transaction,2026-06-23,,Open,61,No
EXC-000265,2025-07-27,FY2025/2026,DIR-12,CC-012,RG-01,TXN-776544,Delayed Banking,Delayed Banking identified in Projects and Infrastructure Directorate - HQ,1262000,Medium,Procurement Officer,Obtain missing documents and repost transaction,2025-09-12,,Escalated,308,Yes
EXC-000266,2025-11-22,FY2025/2026,DIR-11,CC-031,RG-01,TXN-316332,Unreconciled Transaction,Unreconciled Transaction identified in Technical Service Unit 03,1061000,Critical,Cost Centre Manager,Obtain missing documents and repost transaction,2026-02-08,,Open,190,No
EXC-000267,2025-07-08,FY2025/2026,DIR-07,CC-007,RG-01,TXN-990574,Expenditure Above Budget,Expenditure Above Budget identified in Legal and Corporation Secretary Directorate - HQ,1268000,Low,Procurement Officer,Obtain missing documents and repost transaction,2025-08-05,,In Progress,327,Yes
EXC-000268,2025-09-26,FY2025/2026,DIR-12,CC-028,RG-02,TXN-404349,Procurement Non-Compliance,Procurement Non-Compliance identified in Infrastructure Project Unit 07,1008000,High,Chief Accountant,Obtain missing documents and repost transaction,2025-12-14,,In Progress,247,No
EXC-000269,2025-12-15,FY2025/2026,DIR-11,CC-011,RG-01,TXN-218195,Unsupported Reallocation,Unsupported Reallocation identified in Technical Operations Directorate - HQ,994000,High,Procurement Officer,Obtain missing documents and repost transaction,2026-01-20,,In Progress,167,No
EXC-000270,2025-10-18,FY2025/2026,DIR-12,CC-028,RG-02,TXN-630785,Approval-Control Gap,Approval-Control Gap identified in Infrastructure Project Unit 07,1049000,Medium,Chief Accountant,Obtain missing documents and repost transaction,2025-11-11,,Escalated,225,No
EXC-000271,2025-10-28,FY2025/2026,DIR-07,CC-007,RG-01,TXN-440707,Unreconciled Transaction,Unreconciled Transaction identified in Legal and Corporation Secretary Directorate - HQ,1000000,High,Cost Centre Manager,Obtain missing documents and repost transaction,2025-12-13,,In Progress,215,Yes
EXC-000272,2025-12-30,FY2025/2026,DIR-11,CC-032,RG-01,TXN-965383,Procurement Non-Compliance,Procurement Non-Compliance identified in Technical Service Unit 04,1217000,Medium,Procurement Officer,Obtain missing documents and repost transaction,2026-02-25,,Open,152,No
EXC-000273,2025-10-31,FY2025/2026,DIR-11,CC-030,RG-07,TXN-970420,Unreconciled Transaction,Unreconciled Transaction identified in Technical Service Unit 02,350000,Critical,Cost Centre Manager,Obtain missing documents and repost transaction,2025-12-18,,Open,212,Yes
EXC-000274,2025-07-22,FY2025/2026,DIR-12,CC-026,RG-04,TXN-615663,Expenditure Above Budget,Expenditure Above Budget identified in Infrastructure Project Unit 05,1015000,Medium,Procurement Officer,Obtain missing documents and repost transaction,2025-10-12,,Escalated,313,No
EXC-000275,2025-11-30,FY2025/2026,DIR-12,CC-012,RG-01,TXN-914781,Incorrect Vote Code,Incorrect Vote Code identified in Projects and Infrastructure Directorate - HQ,581000,Low,Cost Centre Manager,Obtain missing documents and repost transaction,2026-01-13,,In Progress,182,No
EXC-000276,2025-09-02,FY2025/2026,DIR-12,CC-025,RG-04,TXN-987960,Long-Outstanding Commitment,Long-Outstanding Commitment identified in Infrastructure Project Unit 04,322000,Medium,Chief Accountant,Obtain missing documents and repost transaction,2025-11-06,2025-11-09,Resolved,271,No
EXC-000277,2025-07-03,FY2025/2026,DIR-12,CC-024,RG-05,TXN-951631,Missing Supporting Documents,Missing Supporting Documents identified in Infrastructure Project Unit 03,291000,Low,Cost Centre Manager,Obtain missing documents and repost transaction,2025-08-27,2025-09-25,Resolved,332,No
EXC-000278,2025-07-05,FY2025/2026,DIR-10,CC-010,RG-01,TXN-807618,Unsupported Reallocation,"Unsupported Reallocation identified in Research, Monitoring and Evaluation Directorate - HQ",448000,Medium,Cost Centre Manager,Obtain missing documents and repost transaction,2025-08-30,2025-09-08,Resolved,330,Yes
EXC-000279,2026-05-17,FY2025/2026,DIR-12,CC-024,RG-05,TXN-393956,Long-Outstanding Commitment,Long-Outstanding Commitment identified in Infrastructure Project Unit 03,111000,Medium,Chief Accountant,Obtain missing documents and repost transaction,2026-07-19,,In Progress,14,No
EXC-000280,2025-07-07,FY2025/2026,DIR-11,CC-032,RG-01,TXN-451915,Incorrect Vote Code,Incorrect Vote Code identified in Technical Service Unit 04,168000,Medium,Procurement Officer,Obtain missing documents and repost transaction,2025-09-22,,In Progress,328,Yes
EXC-000281,2025-10-11,FY2025/2026,DIR-12,CC-023,RG-01,TXN-802318,Missing Supporting Documents,Missing Supporting Documents identified in Infrastructure Project Unit 02,1307000,Medium,Cost Centre Manager,Obtain missing documents and repost transaction,2025-12-23,,Deferred,232,No
EXC-000282,2026-01-30,FY2025/2026,DIR-03,CC-003,RG-01,TXN-251913,Missing Supporting Documents,"Missing Supporting Documents identified in Strategy, Planning and Performance Directorate - HQ",990000,Medium,Procurement Officer,Obtain missing documents and repost transaction,2026-02-13,2026-02-23,Resolved,121,No
EXC-000283,2026-04-06,FY2025/2026,DIR-06,CC-006,RG-01,TXN-604089,Expenditure Above Budget,Expenditure Above Budget identified in Information and Communication Technology Directorate - HQ,1207000,Medium,Cost Centre Manager,Obtain missing documents and repost transaction,2026-06-10,,In Progress,55,No
EXC-000284,2025-12-05,FY2025/2026,DIR-04,CC-004,RG-01,TXN-360693,Unreconciled Transaction,Unreconciled Transaction identified in Human Resource and Administration Directorate - HQ,1468000,High,Procurement Officer,Obtain missing documents and repost transaction,2025-12-19,,Open,177,No
EXC-000285,2025-11-01,FY2025/2026,DIR-13,CC-021,RG-08,TXN-844594,Long-Outstanding Commitment,Long-Outstanding Commitment identified in Regional Office - Western Region,1264000,Medium,Procurement Officer,Obtain missing documents and repost transaction,2025-12-23,2025-12-15,Resolved,211,No
EXC-000286,2025-11-24,FY2025/2026,DIR-13,CC-019,RG-06,TXN-829813,Missing Supporting Documents,Missing Supporting Documents identified in Regional Office - Nyanza Region,1339000,Low,Chief Accountant,Obtain missing documents and repost transaction,2026-02-17,2026-03-02,Resolved,188,No
EXC-000287,2026-03-07,FY2025/2026,DIR-11,CC-032,RG-01,TXN-573675,Duplicate Payment Risk,Duplicate Payment Risk identified in Technical Service Unit 04,54000,High,Procurement Officer,Obtain missing documents and repost transaction,2026-04-14,,Escalated,85,No
EXC-000288,2026-04-26,FY2025/2026,DIR-13,CC-019,RG-06,TXN-421240,Unsupported Reallocation,Unsupported Reallocation identified in Regional Office - Nyanza Region,831000,High,Chief Accountant,Obtain missing documents and repost transaction,2026-07-19,,Open,35,Yes
EXC-000289,2026-04-23,FY2025/2026,DIR-13,CC-014,RG-01,TXN-391336,Unsupported Reallocation,Unsupported Reallocation identified in Regional Office - Nairobi Region,492000,Critical,Procurement Officer,Obtain missing documents and repost transaction,2026-07-03,2026-06-23,Resolved,38,No
EXC-000290,2025-11-08,FY2025/2026,DIR-03,CC-003,RG-01,TXN-392954,Missing Supporting Documents,"Missing Supporting Documents identified in Strategy, Planning and Performance Directorate - HQ",383000,High,Cost Centre Manager,Obtain missing documents and repost transaction,2026-01-16,,Open,204,No
EXC-000291,2026-05-15,FY2025/2026,DIR-12,CC-024,RG-05,TXN-151219,Unreconciled Transaction,Unreconciled Transaction identified in Infrastructure Project Unit 03,135000,Critical,Procurement Officer,Obtain missing documents and repost transaction,2026-06-19,,In Progress,16,No
EXC-000292,2026-02-12,FY2025/2026,DIR-02,CC-002,RG-01,TXN-719551,Expenditure Above Budget,Expenditure Above Budget identified in Finance and Accounts Directorate - HQ,1271000,High,Cost Centre Manager,Obtain missing documents and repost transaction,2026-04-16,,Escalated,108,No
EXC-000293,2026-02-27,FY2025/2026,DIR-12,CC-022,RG-02,TXN-149279,Approval-Control Gap,Approval-Control Gap identified in Infrastructure Project Unit 01,178000,Critical,Procurement Officer,Obtain missing documents and repost transaction,2026-03-30,,In Progress,93,No
EXC-000294,2025-10-09,FY2025/2026,DIR-05,CC-005,RG-01,TXN-284368,Long-Outstanding Commitment,Long-Outstanding Commitment identified in Procurement and Supply Chain Directorate - HQ,899000,Low,Cost Centre Manager,Obtain missing documents and repost transaction,2025-11-15,,Open,234,No
EXC-000295,2025-07-07,FY2025/2026,DIR-11,CC-031,RG-01,TXN-636595,Duplicate Payment Risk,Duplicate Payment Risk identified in Technical Service Unit 03,693000,Low,Cost Centre Manager,Obtain missing documents and repost transaction,2025-09-22,,In Progress,328,No
EXC-000296,2025-09-14,FY2025/2026,DIR-03,CC-003,RG-01,TXN-679218,Incorrect Vote Code,"Incorrect Vote Code identified in Strategy, Planning and Performance Directorate - HQ",684000,Medium,Procurement Officer,Obtain missing documents and repost transaction,2025-11-02,,Escalated,259,No
EXC-000297,2026-03-28,FY2025/2026,DIR-12,CC-026,RG-04,TXN-820517,Approval-Control Gap,Approval-Control Gap identified in Infrastructure Project Unit 05,937000,Low,Procurement Officer,Obtain missing documents and repost transaction,2026-05-28,,Deferred,64,No
EXC-000298,2025-12-22,FY2025/2026,DIR-11,CC-031,RG-01,TXN-126719,Approval-Control Gap,Approval-Control Gap identified in Technical Service Unit 03,964000,Medium,Cost Centre Manager,Obtain missing documents and repost transaction,2026-02-08,2026-03-03,Resolved,160,No
EXC-000299,2026-05-01,FY2025/2026,DIR-07,CC-007,RG-01,TXN-248335,Duplicate Payment Risk,Duplicate Payment Risk identified in Legal and Corporation Secretary Directorate - HQ,876000,High,Procurement Officer,Obtain missing documents and repost transaction,2026-06-28,2026-07-21,Resolved,30,No
EXC-000300,2025-08-17,FY2025/2026,DIR-12,CC-024,RG-05,TXN-161388,Unreconciled Transaction,Unreconciled Transaction identified in Infrastructure Project Unit 03,1014000,Low,Cost Centre Manager,Obtain missing documents and repost transaction,2025-10-22,,Open,287,No
